Epoch,Train Loss,Train Grad,Train Grad Var,Val Loss,FID_inf,MIFID_inf,KID_inf,IS_inf
0,119217.625,-0.012985341,4.2732544,117356.49,364.4752,1108.7528,0.122110374,16446382.0
1,117065.75,0.0006029222,0.3141863,116949.555,365.20694,1066.1069,0.09450357,19899888000.0
2,116846.055,0.0016591254,0.23521416,116835.07,348.95685,1018.25867,0.08175337,19420412000.0
3,116846.0,0.0016068751,0.2094463,116821.586,328.735,923.70624,0.07240914,5321660400.0
4,116823.016,0.0016886367,0.19790769,116780.2,330.86188,921.36566,0.07106724,8505067500.0
5,116750.33,0.0011189374,0.19504677,116735.74,326.40936,928.3235,0.06907571,7018979300.0
