Epoch,Train Loss,Train Grad Var,Val Loss,Val Grad Var,FID_inf,MIFID_inf,KID_inf
0,3963.2358,0.00096346624,1536.2722,0.00030038742,364.57428,856.76514,0.17239402
1,3819.2422,0.00039974158,1498.0326,0.00023297648,368.86658,909.31134,0.17673841
