Epoch,Train Loss,Train Grad,Train Grad Var,Val Loss,FID_inf,MIFID_inf,KID_inf,IS_inf
0,119270.02,-0.007553484,5.5644193,117509.48,337.76498,1012.788,0.123407744,110298.21
1,117188.19,-0.0020186466,0.25808963,116970.125,397.30652,1236.1561,0.11020013,56109728000.0
2,116942.33,0.00042884928,0.21774979,116876.99,392.2406,1154.927,0.09895898,1180766800000.0
3,116835.06,0.0011812559,0.19875854,116799.57,402.97012,1227.474,0.09824262,5746146000000.0
