Epoch,Train Loss,Train Grad,Train Grad Var,Val Loss,Val Grad,Val Grad Var,FID_inf,MIFID_inf,KID_inf,IS_inf
0,12485.895,0.010291415,4.2808456,6702.01,0.058386303,0.4274085,336.74057,969.0463,0.14001489,54.67117
1,5862.9287,0.0058642426,0.7169056,5298.235,0.02596172,0.29583424,337.89584,1078.1653,0.1296769,335.15573
2,4578.1196,0.00081589934,0.24011907,4006.4827,-0.0008582883,0.111830674,313.83557,943.2594,0.101007104,1302.7616
3,3748.9744,0.0027821925,0.17286581,3611.1194,-0.0019711736,0.08069523,308.37808,871.99835,0.08509754,4019.4648
4,3434.2788,-0.0013034334,0.10175808,3444.1038,0.015689809,0.11746596,271.73398,720.9391,0.0669049,1415.9626
5,3117.085,-0.00056260254,0.09003274,3514.025,0.02405571,0.17920864,275.14532,801.33844,0.066450156,2377.74
