Epoch,Train Loss,Train Grad Var,Val Loss,Val Grad Var,FID_inf,MIFID_inf,KID_inf,IS_inf
0,366610.38,129.712,16884.996,0.57768875,522.6959,1618.9979,0.13563628,9823.212
1,197519.5,9.375833,14420.144,0.84678984,478.19574,1464.8453,0.110589266,9386.895
2,179555.88,7.5785303,14122.603,0.6190769,469.06598,1493.7834,0.107304275,6650.799
3,172121.28,6.027527,13408.688,0.53683066,408.08917,1279.8695,0.076587394,1710.257
4,164516.3,5.7972193,13459.84,0.3578726,388.06195,1159.8573,0.060018327,3234.2078
