Epoch,Train Loss,Train Grad Var,Val Loss,Val Grad Var,FID_inf,MIFID_inf,KID_inf
0,580857.6,204.92914,25151.809,2.9076514,492.54218,1545.1217,0.15317829,1.0644857
1,277380.12,35.021614,19547.25,1.4630134,575.2993,1803.179,0.17584762,1.0872345
2,236731.78,13.575554,18249.336,0.77345043,569.4799,1711.6139,0.16739172,1.0875877
