Epoch,Train Loss,Train Grad,Train Grad Var,Val Loss,FID_inf,MIFID_inf,KID_inf,IS_inf
0,119634.266,-0.014203921,4.2395763,118036.086,345.2422,1041.8794,0.1174468,1477093.4
1,117870.23,0.0024224378,0.60044515,117701.41,321.56784,918.9894,0.08360095,9294625.0
2,117851.85,0.016681647,3.8632667,117682.266,323.83585,954.50085,0.09188872,3668561.2
