Epoch,Train Loss,Train Grad,Train Grad Var,Val Loss,FID_inf,MIFID_inf,KID_inf,IS_inf
0,25490.873,-0.0027000967,0.16347441,25255.424,518.7079,1627.5765,0.1333193,17807094.0
1,25232.04,0.00018676366,0.041238945,25197.068,494.583,1450.4929,0.10543288,514649600.0
2,25200.803,0.00020616101,0.024080798,25181.174,469.63358,1333.3049,0.10044264,52535220.0
