Epoch,Train Loss,Train Grad Var,Val Loss,Val Grad Var,FID_inf,MIFID_inf,KID_inf
0,3973.8901,0.0011166935,1546.0143,0.0004855761,360.33698,876.8798,0.16596092
1,3828.127,0.0004761732,1504.1567,0.00032659824,379.27118,984.7009,0.1833821
2,3756.6716,0.00040974162,1482.5935,0.00034919183,385.74646,929.8731,0.1816262
3,3701.0833,0.00039516127,1464.112,0.00034454087,373.4222,896.30176,0.16434555
4,3663.6929,0.00038856006,1449.8555,0.00031749715,378.56128,869.0426,0.16745175
5,3642.0083,0.00035110663,1442.5049,0.00032458792,367.09045,840.2392,0.16274713
6,3625.8691,0.0003546296,1434.906,0.0002886608,370.85413,910.41003,0.1645762
7,3607.9373,0.00033918174,1429.4863,0.0003167614,378.00934,911.35144,0.16828477
8,3597.3643,0.00030990428,1421.5483,0.00030390697,373.4936,872.45074,0.16582307
