Epoch,Train Loss,Train Grad,Train Grad Var,Val Loss,FID_inf,MIFID_inf,KID_inf,IS_inf
0,119549.98,-0.010366217,6.40001,117692.16,381.06464,1215.7991,0.14027068,2918471.5
