Epoch,Train Loss,Train Grad Var,Val Loss,Val Grad Var,FID_inf,MIFID_inf,KID_inf
0,20091140.0,690152.4,12821224.0,485796.16,356.83612,879.9562,0.16111709
1,11713629.0,223678.44,7674342.0,53675.44,417.45752,1322.9282,0.1720846
2,9391795.0,88793.87,7216954.0,52671.707,389.09537,1266.4979,0.15411705
3,8718427.0,57633.902,6856166.0,69949.06,396.19968,1132.7178,0.14840071
4,8461808.0,92677.234,7257745.0,193826.27,419.3193,1322.9166,0.14477226
5,8137258.5,53339.02,7466563.0,293750.62,454.8068,1464.3044,0.15745519
6,8137586.0,112943.555,6180104.0,25853.48,436.16052,1344.7671,0.15070494
