Epoch,Train Loss,Train Grad,Train Grad Var,Val Loss,FID_inf,MIFID_inf,KID_inf,IS_inf
0,25408.059,-0.0029553052,0.14779897,25115.584,509.68896,1573.4205,0.12404636,24011052.0
1,25090.814,8.8003886e-05,0.031059224,25070.38,494.45834,1446.125,0.09101818,50235036000.0
2,25060.201,0.00012364205,0.016981818,25058.213,476.54672,1414.534,0.09319201,4358668300.0
3,25052.684,9.944497e-05,0.008405626,25049.373,463.09302,1348.7917,0.09043954,11326249000.0
