Epoch,Train Loss,Train Grad,Train Grad Var,Val Loss,Val Grad,Val Grad Var,FID_inf,MIFID_inf,KID_inf,IS_inf
0,115801.66,-8.826164e-06,1.0113399e-05,115780.05,1.3381513e-06,1.2292963e-06,401.34955,1075.1696,0.21883611,1.4260795
1,115784.15,7.308633e-06,9.229343e-06,115885.06,-9.290493e-05,0.000120473385,384.21426,1028.1808,0.20038332,1.7252588
