Epoch,Train Loss,Train Grad,Train Grad Var,Val Loss,Val Grad,Val Grad Var,FID_inf,MIFID_inf,KID_inf,IS_inf
0,4964.5264,8.060088e-05,0.4117433,3044.7688,-0.006371234,0.07921518,402.43793,1195.4888,0.13310967,452269.1
1,2695.6711,0.00036377867,0.026889194,2480.6526,-0.004002856,0.012313996,382.72137,1038.2142,0.11052808,426632.44
