Epoch,Train Loss,Train Grad,Train Grad Var,Val Loss,Val Grad,Val Grad Var,FID_inf,MIFID_inf,KID_inf,IS_inf
0,2488.9636,0.00016283643,0.64366186,1321.1792,-0.0021062472,0.24718599,391.51007,1241.3298,0.16236778,973.4051
1,1285.2216,-1.1723241e-05,0.2214242,1170.0087,0.0019811909,0.1465011,335.0826,959.6245,0.10827232,653.67706
