Epoch,Train Loss,Train Grad,Train Grad Var,Val Loss,FID_inf,MIFID_inf,KID_inf,IS_inf
0,123307.625,-0.0051740706,5.4547057,122305.586,315.54785,843.91376,0.124975175,582.098
1,122160.23,0.003519559,1.9535706,121893.98,289.31625,692.78925,0.10579505,278.11395
2,121766.04,0.0007448685,1.1840314,121556.18,275.9178,596.5997,0.094799586,220.14629
3,121611.02,0.0008662265,1.034256,121580.08,276.7926,591.82513,0.10027942,107.9932
4,121518.18,0.00076022325,0.9675483,121369.6,271.87167,578.20306,0.093554944,115.592026
5,121458.65,0.00046100543,0.93908924,121395.2,266.36276,547.48334,0.0891388,113.392204
